Title (ES),Title (EN),Content Preview,Image Filename
Firmeza e inteligencia ante Trump,Firmness and intelligence against Trump,"El potencial destructivo de la guerra arancelaria mundial de Donald Trump se ha hecho evidente esta semana con el desplome de los mercados. Causa asombro la ligereza, la falta de ponderación y argumentos con la cual la Casa Blanca ha desatado una ofensiva que tiene todos los visos de causar gravísimos daños a escala global y, sobre todo, al mismo país que la emprende. Hallar una lógica racional en semejante despropósito es arduo, y complica a su vez el diseño de una respuesta eficaz. Esta requiere visión más allá de lo comercial. Por colosal que sea el valor económico de este apartado, se trata solo de una parte del proyecto de subversión del orden mundial que Trump está llevando a cabo. Este es el marco que hay que tener en la cabeza para perfilar las respuestas.
Esta es una revolución en la estrategia de Estados Unidos. Con manifiesto desapego de los valores democráticos, ya no cree que alianzas sólidas y un mundo globalizado convengan a sus intereses. Esa estrategia exige a los europeos una inmensa tarea de adaptación. Para tener éxito hacen falta, primero, un alto grado de unidad y el cálculo preciso de las consecuencias que las acciones en un sector pueden tener en otros. Esto requiere que la firmeza vaya de la mano de la paciencia, de la ponderación, de rehuir la tentación de acciones precipitadas y retóricas incendiarias.
En primer lugar, ante prácticas de matones nunca es aconsejable el apaciguamiento, que solo es vía libre para mayores abusos. La UE debe responder con vigor a la guerra comercial trumpista. Parece pertinente hacerlo activando el instrumento anticoerción económica, que permite a la Comisión proponer medidas que sobresalgan el marco del comercio de bienes —desfavorable para la UE por su superávit con EE UU— y actuar en el de servicios —un punto neurálgico para EE UU donde tenemos déficit—. Pero ello demanda una mayoría cualificada que no está garantizada si Italia se opone. Hay que conseguir su visto bueno. Y tantear las posibilidades de diálogo con Washington. Un tiempo de caos y daños puramente autoinfligidos que Trump no pueda achacar a Europa puede aumentar la presión sobre la Casa Blanca y facilitar vías de salida. El objetivo es revertir el desastre, no una escalada abrupta que salve el supuesto honor pero cause hemorragias.
La respuesta, en todo caso, no puede centrarse solo en represalias. Tanto o más importantes son medidas de nueva construcción como el estrechamiento de lazos con otros países o bloques en el que la Comisión trabaja ya. Al tiempo, haría bien en priorizar la culminación del mercado común, superando los rasgos de fragmentación que, por intereses nacionales, impiden su pleno funcionamiento.
Tanto en la represalia como en las acciones constructivas no se puede obviar la cuestión de la seguridad de Europa, en la cual, desgraciadamente, seguimos teniendo una fortísima dependencia de EE UU. Poca duda cabe de que Trump podría jugar esa baza en el marco de un pulso con Europa. Conviene no confiar en que la ética de su arte del trato le inhiba de usar esa carta que puede exponernos a graves riesgos. En medio del vendaval comercial, el secretario de Estado de EE UU, Marco Rubio, no ha dudado en reclamar a los aliados de la OTAN que gasten el 5% del PIB en defensa, un despropósito incluso en el marco del necesario refuerzo de las capacidades de defensa europeas.
En conclusión, una contestación meditada no significa que, de ninguna manera, debamos inhibirnos en la respuesta contra acciones abusivas, pero es preciso actuar desde el frío raciocinio más que desde la indignación que tantos europeos sienten con razón. Hay por delante un camino turbulento pero la UE se ha ido forjando en la superación de crisis que parecían insalvables. En cada ocasión, la UE ha acabado tomando conciencia de su potencial cuando actúa unida y de la necesidad de sus propia supervivencia como referente de respeto a la diversidad y a la provisión de bienestar a sus ciudadanos, a pesar de todos sus problemas, carencias y dificultades. Unidad e inteligencia política son hoy más imprescindibles que nunca para sobreponernos con éxito a la embestida trumpista.",article_1.jpg
"Trump, los aranceles y el destino del dólar","Trump, tariffs, and the fate of the dollar","Ahora que el Gobierno de Trump ha decidido imponer unos aranceles demenciales al resto del mundo, muchos comentaristas están preocupados por el problema que supone el sanewashing, el intento de encontrar motivos racionales para unas políticas que no los tienen. Dicen que empeñarse en buscar una explicación detallada e ingenua desvía la atención de la estafa que están llevando a cabo delante de nuestras narices. Desde luego, la irrupción de la familia Trump en el mundo de las criptomonedas, en el que han introducido unas monedas meme que son una invitación descarada al soborno, apoya esta interpretación. ¿Pero es esta la única conclusión que se puede sacar, o quizá está pasando otra cosa?
Vamos a contemplar una explicación alternativa.
Estados Unidos abandonó su proyecto de promover el libre comercio mundial ya en las elecciones de 2016, cuando tanto Donald Trump como Hillary Clinton criticaron en campaña el Acuerdo Transpacífico de Cooperación Económica. En su primer mandato, Trump impuso aranceles a los productos procedentes de China y otros países, muchos de los cuales se mantuvieron o incluso ampliaron durante la presidencia de Joe Biden. Una de las políticas emblemáticas de este último, la Ley de Reducción de la Inflación, fue un intento de promover la reindustrialización de Estados Unidos en sectores verdes, que ya estaban protegidos por los aranceles de Trump, pero a los que se adjudicarían subvenciones. En teoría, estos aranceles recientes de Trump también pretenden impulsar la reindustrialización, aunque en sectores más emisores de carbono. En definitiva, no parece que el libre comercio forme parte de las prioridades ni de los republicanos ni de los demócratas.
El hecho de que los dos partidos adopten políticas proteccionistas está relacionado con el papel global del dólar en el fomento de los desequilibrios comerciales estructurales. Como observó John Maynard Keynes en 1944, todos los países, si se les dejase, preferirían ser exportadores netos que importadores netos. Los exportadores netos actuales de la Unión Europea, Asia y el Golfo ingresan unos dólares que sus economías no pueden absorber, porque eso subiría los salarios y los precios y dañaría su competitividad. Los dólares obtenidos son pasivos para los bancos locales; y la forma más fácil de convertirlos en activos es comprar deuda pública de Estados Unidos y por tanto, en la práctica, devolverle efectivo para que pueda seguir comprando exportaciones.
Así es como, durante los últimos 40 años, Estados Unidos ha importado prácticamente todo lo que ha querido a base de emitir pagarés digitales que devengan un interés del 2% y no se canjean jamás, porque los bonos del Tesoro son el vehículo de ahorro de confianza de esos mismos exportadores. Una de las consecuencias es que EE UU no tiene ninguna restricción en cuenta corriente.
¿Por qué va a querer Estados Unidos terminar con esta situación aparentemente mágica? Porque, como sostienen Matthew Klein y Michael Pettis, saltarse las restricciones de la cuenta corriente tiene costes a largo plazo. Los países que son exportadores netos acumulan enormes superávits a costa de perjudicar las inversiones y los salarios nacionales, lo que debilita su economía, mientras que Estados Unidos se beneficia de la entrada ilimitada de bienes extranjeros baratos, pero a costa de vaciar su propia capacidad industrial. En 1975, las tres mayores empresas norteamericanas eran Exxon, General Motors y Ford; en 2025, son Walmart, Amazon y Home Depot. Las primeras fabricaban bienes comerciables, mientras que las últimas se dedican, en general, a vender productos importados.
Vistos estos efectos a largo plazo, muchos dirigentes de los dos partidos estadounidenses han empezado a pensar que el “privilegio exorbitante” del dólar es más bien un lastre exorbitante. Ambos quieren fomentar la producción nacional para “reequilibrar” la economía, lo que implica un ajuste forzoso de los exportadores extranjeros para reducir su demanda de dólares.
¿Por qué no lo dicen a las claras? Probablemente porque hablar de que otros países “nos estafan” resulta más convincente para las bases que los argumentos sobre aspectos tan sutiles de la política comercial. Además, el hecho de que el Gobierno de Trump carezca de un plan integral para reequilibrar el orden mundial no significa que no se esté produciendo ya esa reordenación.
Al fin y al cabo, el motor exportador de Alemania ya estaba renqueando desde antes de la pandemia. Su reciente relajación del “freno de deuda” (un límite constitucional a los déficits estructurales) y su apuesta por las inversiones indican que ya se está produciendo un reequilibrio para dar más peso al consumo interno. El aumento del gasto en defensa de la UE debido a las medidas de Trump reforzará esta tendencia y la perspectiva de una zona euro más centrada en el consumo ofrecerá a los inversores de todo el mundo una alternativa viable al dólar.
China, por su parte, parece haberse dado cuenta de que inundar el resto del mundo con exportaciones del sector verde (vehículos eléctricos, paneles solares, etcétera) tiene un límite. Ya se ha diversificado para no depender tanto del mercado estadounidense, lo cual ha aumentado la necesidad de más consumo interno. Mientras tanto, los demás países exportadores de Asia parecen dispuestos a instalarse en Estados Unidos para conservar el acceso a su mercado.
En ese mundo reequilibrado harían falta menos dólares. Es indudable que el fin del sistema actual supondrá un inmenso trastorno y que es posible que la reindustrialización de Estados Unidos sea un espejismo. Pero es importante recordar que los dos partidos lo consideran necesario. El reequilibrio comenzó antes de que apareciera Trump y lo impulsan unas fuerzas que tal vez lo sobrevivan.
Mark Blyth es profesor de Economía Internacional y director del Centro Rhodes de Economía y Finanzas Internacionales del Instituto Watson de Asuntos Internacionales y Públicos de la Universidad de Brown, es coautor (junto con Nicolò Fraccaroli) del libro Inflation: A Guide for Users and Losers (W. W. Norton & Company, 2025), de próxima publicación, y de Austeridad: una idea peligrosa  (Crítica, 2014).
© Project Syndicate 1995-2025
Traducción de María Luisa Rodríguez Tapia",article_2.jpg
Constituciones como viñetas,Constitutions as cartoons,"Al leer De la democracia en Hispanoamérica, el profundo y muy bien articulado estudio que Santiago Muñoz Machado hace de nuestras constituciones a partir de la constitución de Cádiz de 1812, y del pensamiento político que las ha conformado a lo largo de la historia, no puedo, una vez más, resistir la tentación de imaginarlas como novelas, fruto de la imaginación febril.
No hay escollos para arribar a la isla de Utopía. Ya se está allí. El no-lugar es el lugar. Existe tal lugar, está impreso en tinta indeleble, o con pólvora, en los artículos de las Cartas Magnas, como se las llama con pompa retórica. Gobiernos para el bien común, instituciones firmes, división y armonía de poderes, sujeción de los gobernantes a las leyes, respeto a los derechos individuales, libertad de expresión, igualdad ante la justicia.
Pero, mientras tanto, se abre una distancia insalvable entre lo que las nuevas constituciones, inspiradas en las ideas de la ilustración mandan, y lo que la realidad establece; el ideal, por un lado, que crea la ilusión del gobernante respetuoso del bien común y de las leyes; y, por el otro, el mundo real donde reina el caudillo sujeto nada más al arbitrio de su voluntad, con lo que todo se convierte en una mentira, alimento de la novela.
Como bien dice Muñoz Machado en su libro, las constituciones fueron entelequias utópicas para territorios que no estaban definidos, países que no existían más que en la mente de los criollos y en la cartografía de la colonia, y que tardarían aún en consolidarse como Estados nacionales, o se dispersarían luego en fragmentos territoriales, para dar paso a países más pequeños, metidos entre ellos en guerras y disputas de límites.
Fronteras aún sin definir, territorios sin explorar, multitud de lenguas, y unos poderes constituyentes lejanos a esa realidad revuelta donde el poder cambiaba de manos, de un caudillo a otro, entre el estruendo de los cañones y las conspiraciones palaciegas; y frente a la amenaza de la anarquía, los próceres buscaban empuñar el cetro de los emperadores, Bolívar el primero de ellos.
O se trataba de “desatar el nudo sin romperlo”, según las palabras de Agustín de Iturbide, al firmar con el último virrey de España, el 24 de agosto de 1821, los Tratados de Córdoba, que daban paso a la independencia de México; librado de obedecer a la constitución de Cádiz, Iturbide se proclamó emperador, con efímera duración. Reinos, imperios, dictaduras cesáreas. La utopía buscaba su rostro libertario y ya no lo encontraba.
Poco antes, el 15 de septiembre de ese mismo año de 1821, se había declarado la independencia de Centroamérica, para adelantarse a evitar “las consecuencias que serían terribles, en el caso de que la proclamase de hecho el mismo pueblo”, según la pasmosa sinceridad de los próceres, expresadas en el acta firmada en Guatemala. El mismo capitán general del Gobierno colonial, Gabino Gainza, pasó a ser el presidente de la flamante República federal, muy a lo gatopardo. Y por miedo a la anarquía, no tardaría Centroamérica en adherirse al imperio de Iturbide.
Intentamos la modernidad, pero no pudimos apropiarnos de los modelos que se nos proponían. Eran ropajes importados que quisimos cortar a nuestra medida, los mismos que vistieron Voltaire, Rousseau, Montesquieu, Jefferson, Franklin, Paine; y bajo esos ropajes, asomaba la cola del caudillo, que fue al principio un personaje amante de las luces de la ilustración y luego volvió letra muerta la filosofía libertaria, como el doctor Gaspar Rodríguez de Francia, dictador perpetuo del Paraguay.
La novela lo seguirá contando. “¿Qué es la historia de América toda sino una crónica de lo real maravilloso?”, dice Alejo Carpentier. El siglo de las luces es una lección sobre las revoluciones malversadas y el fracaso de los ideales, entonces y después. Victor Hughes, el revolucionario, es hijo de Rousseau, pero también hijo de Robespierre. Para imponer sus ideas libertarias, él mismo trae desde Francia al Caribe la guillotina, enfundada en la cubierta de un barco. Es la modernidad con filo. Guillotinas, y luego paredones de fusilamiento. La utopía a la fuerza, que engendra miedo, corrupción, sumisión, cárcel, exilio, muerte.
Seguimos viviéndolo. Porque también el siglo XX vio en Hispanoamérica revoluciones malversadas, sueños humanistas que terminaron pervertidos en pesadillas de las que aún no despertamos en el siglo XXI.
Con una diferencia: la distancia entre el ideal retórico que enaltece la democracia, y el plano de la realidad donde se la escarnece, hoy se borra, como en el caso de la Constitución de Nicaragua promulgada este año. Nada de distancias, adornos ni disimulos. Un adiós a Montesquieu sin sentimentalismo alguno. Desaparecen los poderes del Estado, en equilibrio e independientes entre sí, y se vuelven órganos de la presidencia bicéfala que los coordina a todos. Una presidencia matrimonial, inédita hasta hoy en los anales de la historia hispanoamericana, un copresidente y una copresidenta que pueden seguir religiéndose para siempre, inmunes e impunes en su dichosa eternidad.",article_3.jpg
Craso error,Gross error,"En la historia universal de las grandes fortunas, el romano Marco Licinio Craso escribió un capítulo destacado —y desalmado. “La mayor parte de sus bienes los adquirió gracias al fuego y a la guerra, siendo para él las miserias públicas de grandísimo provecho”, escribió el historiador Plutarco. Se rumoreaba que era dueño de un tercio de los edificios de la Urbe, por entonces próxima al millón de habitantes. Se hizo famoso al afirmar que nadie podía presumir de ser rico si no podía mantener a sus expensas un ejército personal. Con sus soldados, sus minas de plata, sus viviendas, sus pujantes negocios de venta de esclavos y préstamos con altos intereses, Craso gobernaba un reino propio dentro de la República romana.
La riqueza tiende a ocultar su pasado mientras promete la posesión del porvenir, por eso las grandes fortunas no suelen confesar el verdadero origen de sus ganancias. Gracias a Plutarco conocemos la fuente de la abundancia de Craso: aprovechó las turbulencias de las guerras civiles para comprar a precios irrisorios las propiedades de los proscritos en las sucesivas represiones. Además, ante los habituales incendios causados por los materiales y el apiñamiento de los edificios, urdió un plan brillante: organizó la primera brigada de bomberos de la ciudad —mientras, según rumores, daba trabajo a una banda de pirómanos—. Cuando una casa ardía, sus esbirros se negaban a apagar el fuego hasta que el angustiado dueño les vendía el inmueble por una pequeña fracción de su valor. Así la mayor parte de Roma vino a ser suya. Añade Plutarco que solo edificó para especular, nunca para su propio disfrute. Solía decir que los amigos de obras se arruinan a sí mismos sin necesidad de otros enemigos.
La reputación de Craso sufrió altibajos. Lo acusaron de seducir a la virgen vestal Licinia, delito castigado con la muerte —de ella, por supuesto—. Licinia fue absuelta cuando, durante el juicio, se reveló que la vestal poseía una finca suntuosa, y todos comprendieron que el sueño húmedo del millonario consistía en comprársela. No era sacrilegio ni lujuria: era codicia inmobiliaria. La Roma clásica conoció todas las caras de la especulación en el alquiler y la venta de vivienda. Algunos grandes personajes, entre ellos el mismísimo Cicerón, obtenían grandes beneficios de la desesperada necesidad de alojamiento en la capital. Los magnates de la época construyeron grandes fortunas edificando casas con materiales baratos y alquilándolas a precios costosos. El poeta Marcial ya se indignaba hace dos mil años con el medro del sector: “¿Para qué confiar la educación de tu hijo a un maestro? No le hagas leer los libros de Cicerón ni de Virgilio: haz de él un perito tasador”. Como hoy, las crisis y desahucios provocaron una progresiva concentración de la riqueza en cada vez menos manos. El apetito de beneficios abundantes se tradujo en prácticas abusivas. Muchas viviendas existían menos para vivir que para invertir.
La biografía de Craso muestra que el gran dinero necesita acercarse al poder para derribar obstáculos y multiplicar sus ganancias. Junto a los dos grandes ídolos militares del momento, aquel negociador implacable orquestó el primer triunvirato romano, una alianza de ambiciones. Pompeyo necesitaba que el Senado ratificase unas medidas de su interés, Julio César deseaba ganar las elecciones y Craso quería apuntalar contratas públicas y favorecer negocios privados. Sellaron un pacto completamente extraoficial, aunaron recursos, contactos e intereses para alcanzar lo que anhelaban a corto y largo plazo. Esa inédita acumulación de poder desintegró la urdimbre de la República y abriría camino a las dinastías de emperadores autoritarios.
Sin embargo, el mundo nunca es suficiente para quien todo lo posee: el ávido Craso envidiaba las victorias militares de Julio César. “No paró ni sosegó hasta causar a la patria las mayores calamidades y precipitarse él mismo en la perdición”. Cuando ya había sobrepasado los 60 años, se empeñó en conquistar el país de los partos, territorio clave para abrir rutas comerciales hacia oriente. El negocio de la guerra no le sonrió: fue abatido durante una desastrosa expedición bélica y, según el historiador Dion Casio, los partos vertieron oro fundido en su boca como burla de su codicia. A pesar de su enorme astucia, su nombre ha quedado asociado a una equivocación imperdonable, a un craso error.
La literatura clásica exploró la propensión al descalabro de los poderosos por creerse infalibles, por fallos estrepitosos, por desconexión con el mundo y por megalomanía. Según los antiguos, son precisamente los triunfadores quienes corren más riesgo de perderse, prisioneros de la envidia y la soberbia. En el éxito —creían— anida el germen del orgullo desmedido que conduce primero a la embriaguez de poder, luego a la ceguera y, por fin, a la caída. Una palabra griega describía ese proceso: hybris. Cuando individuos en la cumbre humillan y maltratan por prepotencia a un prójimo al que consideran inferior, los dioses se vengan derribándolos. Así explicaban el ocaso de grandes líderes y el naufragio de los imperios. El historiador griego Heródoto enfocaba la historia como una tragedia que reproducía esa lógica, un drama cuyo argumento era el apogeo y decadencia. Según su visión del mundo, la violencia desencadenada por las potencias arrogantes acaba arruinándolas y creando un nuevo orden, a su vez frágil y de nuevo en peligro.
Solo algunas décadas después de aquella debacle bélica, en Judea —la periferia del Imperio—, el hijo de un carpintero se atrevió a afirmar: “Si quieres ser perfecto, vende cuanto tienes y dáselo a los pobres”. Pese a su insignificante fortuna personal, terminó por ser más célebre que Craso. Nuestro mundo vive sumergido en una desaforada apología del dinero que deposita la soberanía en manos de los más ricos; a quienes, como enseña la historia, conviene vigilar. Cuando el poder económico y el político se funden —y se confunden—, empiezan a desmenuzar los sistemas de control y nos dejan a merced de un líder, una jerarquía y una cuenta de resultados. Financian nuestra división y la destrucción de los contrapesos. En Los orígenes del totalitarismo, Hannah Arendt diagnosticó: “En la era del imperialismo, los hombres de negocios se convirtieron en políticos y fueron aclamados como hombres de Estado, mientras que a los hombres de Estado sólo se les tomaba en serio si hablaban el lenguaje de los empresarios con éxito (…) La preocupación primaria de ganar dinero había desarrollado una serie de normas de conducta expresadas en diversos proverbios: ‘El poderoso tiene razón’ o ‘Lo justo es lo útil’, que proceden de la experiencia de una sociedad de competidores”.
A diferencia del hambre, la sed, el sueño o la mayoría de deseos concretos, la avaricia no tiene descanso en la satisfacción momentánea. Quizá porque el dinero no es un bien sino la posibilidad teórica de acceder a todos los bienes, la ganzúa de todas las cerraduras, el descanso de las zozobras, la quimera de un porvenir sin miedos. Su brillo hace girar la peonza del deseo: por alcanzar la riqueza, hay quien sería capaz de pasar por el ojo de una aguja. Aunque depositar nuestro futuro en manos de los más ávidos es un caso de craso error, nos sigue fascinando el poder sin pudor.
Irene Vallejo es filóloga y escritora, Premio Nacional de Ensayo de 2020 por El infinito en un junco (Siruela).",article_4.jpg
‘Habitar o baleiro’,'To inhabit the baleiro',Content not available.,article_5.jpg
